<?xml version="1.0" encoding="utf-8"?>
<Patch>

	<Operation Class="PatchOperationReplace">
		<xpath>/Defs/InteractionDef[defName="ConvertIdeoAttempt"]/workerClass</xpath>
		<value>
			<workerClass>EnhancedBeliefs.InteractionWorker_AdvancedConversionAttempt</workerClass>
		</value>
	</Operation>

	<Operation Class="PatchOperationAdd">
		<xpath>/Defs/TraderKindDef[defName="Caravan_Outlander_BulkGoods"]/stockGenerators</xpath>
		<value>
			<li Class="EnhancedBeliefs.StockGenerator_IdeoBook">
				<thingDef>EB_Ideobook</thingDef>
				<countRange>0~2</countRange>
			</li>
		</value>
	</Operation>

	<Operation Class="PatchOperationAdd">
		<xpath>/Defs/TraderKindDef[defName="Caravan_Outlander_BulkGoods"]/stockGenerators</xpath>
		<value>
			<li Class="EnhancedBeliefs.StockGenerator_IdeoBook">
				<thingDef>EB_Ideobook</thingDef>
				<countRange>0~2</countRange>
			</li>
		</value>
	</Operation>

	<Operation Class="PatchOperationAdd">
		<xpath>/Defs/TraderKindDef[defName="Caravan_Outlander_Exotic"]/stockGenerators</xpath>
		<value>
			<li Class="EnhancedBeliefs.StockGenerator_IdeoBook">
				<thingDef>EB_Ideobook</thingDef>
				<countRange>1~2</countRange>
			</li>
		</value>
	</Operation>

	<Operation Class="PatchOperationAdd">
		<xpath>/Defs/TraderKindDef[defName="Empire_Caravan_TraderGeneral"]/stockGenerators</xpath>
		<value>
			<li Class="EnhancedBeliefs.StockGenerator_IdeoBook">
				<thingDef>EB_Ideobook</thingDef>
				<countRange>0~2</countRange>
			</li>
		</value>
	</Operation>

</Patch>