<?xml version="1.0" encoding="utf-8"?>
<Defs>

    <ThoughtDef>
        <defName>EB_ReligiousBookDestroyed</defName>
        <showBubble>false</showBubble>
        <durationDays>3</durationDays>
        <stackLimit>2</stackLimit>
        <nullifyingHediffs>
            <li>Inhumanized</li>
        </nullifyingHediffs>
        <stages>
            <li>
                <label>religious book destroyed</label>
                <description>Our religious book has been destroyed. That is absolutely unexcusable.</description>
                <baseMoodEffect>-15</baseMoodEffect>
            </li>
        </stages>
    </ThoughtDef>

</Defs>